<annotation><folder>images</folder><filename>img1172.jpg</filename><path>burn_dataset_raw\images\img1172.jpg</path><source><database>Unknown</database></source><size><width>282</width><height>179</height><depth>3</depth></size><segmented>0</segmented><object><name>degree_1</name><pose>Unspecified</pose><truncated>0</truncated><difficult>0</difficult><bndbox><xmin>87</xmin><ymin>82</ymin><xmax>101</xmax><ymax>105</ymax></bndbox></object><object><name>degree_1</name><pose>Unspecified</pose><truncated>0</truncated><difficult>0</difficult><bndbox><xmin>138</xmin><ymin>83</ymin><xmax>160</xmax><ymax>105</ymax></bndbox></object></annotation>