<annotation><folder>images</folder><filename>img115.jpg</filename><path>burn_dataset_raw\images\img115.jpg</path><source><database>Unknown</database></source><size><width>243</width><height>207</height><depth>3</depth></size><segmented>0</segmented><object><name>degree_2</name><pose>Unspecified</pose><truncated>0</truncated><difficult>0</difficult><bndbox><xmin>1</xmin><ymin>68</ymin><xmax>54</xmax><ymax>157</ymax></bndbox></object><object><name>degree_2</name><pose>Unspecified</pose><truncated>0</truncated><difficult>0</difficult><bndbox><xmin>67</xmin><ymin>21</ymin><xmax>119</xmax><ymax>72</ymax></bndbox></object><object><name>degree_2</name><pose>Unspecified</pose><truncated>0</truncated><difficult>0</difficult><bndbox><xmin>174</xmin><ymin>51</ymin><xmax>230</xmax><ymax>124</ymax></bndbox></object><object><name>degree_2</name><pose>Unspecified</pose><truncated>0</truncated><difficult>0</difficult><bndbox><xmin>138</xmin><ymin>105</ymin><xmax>163</xmax><ymax>127</ymax></bndbox></object><object><name>degree_2</name><pose>Unspecified</pose><truncated>0</truncated><difficult>0</difficult><bndbox><xmin>20</xmin><ymin>169</ymin><xmax>35</xmax><ymax>184</ymax></bndbox></object><object><name>degree_2</name><pose>Unspecified</pose><truncated>0</truncated><difficult>0</difficult><bndbox><xmin>63</xmin><ymin>164</ymin><xmax>80</xmax><ymax>185</ymax></bndbox></object></annotation>