<annotation><folder>images</folder><filename>img106.jpg</filename><path>burn_dataset_raw\images\img106.jpg</path><source><database>Unknown</database></source><size><width>259</width><height>195</height><depth>3</depth></size><segmented>0</segmented><object><name>degree_1</name><pose>Unspecified</pose><truncated>0</truncated><difficult>0</difficult><bndbox><xmin>8</xmin><ymin>50</ymin><xmax>123</xmax><ymax>156</ymax></bndbox></object><object><name>degree_1</name><pose>Unspecified</pose><truncated>0</truncated><difficult>0</difficult><bndbox><xmin>159</xmin><ymin>58</ymin><xmax>248</xmax><ymax>163</ymax></bndbox></object></annotation>