<annotation><folder>images</folder><filename>img1261.jpg</filename><path>burn_dataset_raw\images\img1261.jpg</path><source><database>Unknown</database></source><size><width>275</width><height>183</height><depth>3</depth></size><segmented>0</segmented><object><name>degree_2</name><pose>Unspecified</pose><truncated>0</truncated><difficult>0</difficult><bndbox><xmin>25</xmin><ymin>57</ymin><xmax>86</xmax><ymax>118</ymax></bndbox></object><object><name>degree_2</name><pose>Unspecified</pose><truncated>0</truncated><difficult>0</difficult><bndbox><xmin>187</xmin><ymin>54</ymin><xmax>260</xmax><ymax>127</ymax></bndbox></object><object><name>degree_2</name><pose>Unspecified</pose><truncated>0</truncated><difficult>0</difficult><bndbox><xmin>151</xmin><ymin>144</ymin><xmax>177</xmax><ymax>169</ymax></bndbox></object></annotation>