<annotation><folder>images</folder><filename>img1241.jpg</filename><path>burn_dataset_raw\images\img1241.jpg</path><source><database>Unknown</database></source><size><width>1536</width><height>2048</height><depth>3</depth></size><segmented>0</segmented><object><name>degree_2</name><pose>Unspecified</pose><truncated>0</truncated><difficult>0</difficult><bndbox><xmin>374</xmin><ymin>741</ymin><xmax>661</xmax><ymax>1160</ymax></bndbox></object><object><name>degree_2</name><pose>Unspecified</pose><truncated>0</truncated><difficult>0</difficult><bndbox><xmin>116</xmin><ymin>1106</ymin><xmax>376</xmax><ymax>1301</ymax></bndbox></object><object><name>degree_2</name><pose>Unspecified</pose><truncated>0</truncated><difficult>0</difficult><bndbox><xmin>583</xmin><ymin>492</ymin><xmax>1031</xmax><ymax>1151</ymax></bndbox></object><object><name>degree_2</name><pose>Unspecified</pose><truncated>0</truncated><difficult>0</difficult><bndbox><xmin>968</xmin><ymin>466</ymin><xmax>1381</xmax><ymax>1169</ymax></bndbox></object></annotation>