<annotation><folder>images</folder><filename>img134.jpg</filename><path>burn_dataset_raw\images\img134.jpg</path><source><database>Unknown</database></source><size><width>194</width><height>259</height><depth>3</depth></size><segmented>0</segmented><object><name>degree_1</name><pose>Unspecified</pose><truncated>0</truncated><difficult>0</difficult><bndbox><xmin>30</xmin><ymin>128</ymin><xmax>114</xmax><ymax>251</ymax></bndbox></object><object><name>degree_1</name><pose>Unspecified</pose><truncated>0</truncated><difficult>0</difficult><bndbox><xmin>53</xmin><ymin>11</ymin><xmax>91</xmax><ymax>113</ymax></bndbox></object></annotation>