<annotation><folder>images</folder><filename>img1380.jpg</filename><path>burn_dataset_raw\images\img1380.jpg</path><source><database>Unknown</database></source><size><width>310</width><height>163</height><depth>3</depth></size><segmented>0</segmented><object><name>degree_1</name><pose>Unspecified</pose><truncated>0</truncated><difficult>0</difficult><bndbox><xmin>188</xmin><ymin>84</ymin><xmax>276</xmax><ymax>153</ymax></bndbox></object><object><name>degree_1</name><pose>Unspecified</pose><truncated>0</truncated><difficult>0</difficult><bndbox><xmin>62</xmin><ymin>89</ymin><xmax>122</xmax><ymax>145</ymax></bndbox></object></annotation>