<annotation><folder>images</folder><filename>img1220.jpg</filename><path>burn_dataset_raw\images\img1220.jpg</path><source><database>Unknown</database></source><size><width>310</width><height>163</height><depth>3</depth></size><segmented>0</segmented><object><name>degree_1</name><pose>Unspecified</pose><truncated>0</truncated><difficult>0</difficult><bndbox><xmin>72</xmin><ymin>36</ymin><xmax>136</xmax><ymax>73</ymax></bndbox></object><object><name>degree_1</name><pose>Unspecified</pose><truncated>0</truncated><difficult>0</difficult><bndbox><xmin>37</xmin><ymin>56</ymin><xmax>69</xmax><ymax>76</ymax></bndbox></object></annotation>