<annotation><folder>images</folder><filename>img105.jpg</filename><path>burn_dataset_raw\images\img105.jpg</path><source><database>Unknown</database></source><size><width>300</width><height>168</height><depth>3</depth></size><segmented>0</segmented><object><name>degree_1</name><pose>Unspecified</pose><truncated>0</truncated><difficult>0</difficult><bndbox><xmin>82</xmin><ymin>72</ymin><xmax>178</xmax><ymax>162</ymax></bndbox></object><object><name>degree_1</name><pose>Unspecified</pose><truncated>0</truncated><difficult>0</difficult><bndbox><xmin>184</xmin><ymin>92</ymin><xmax>248</xmax><ymax>156</ymax></bndbox></object></annotation>