<annotation><folder>images</folder><filename>img1364.jpg</filename><path>burn_dataset_raw\images\img1364.jpg</path><source><database>Unknown</database></source><size><width>367</width><height>137</height><depth>3</depth></size><segmented>0</segmented><object><name>degree_2</name><pose>Unspecified</pose><truncated>0</truncated><difficult>0</difficult><bndbox><xmin>62</xmin><ymin>26</ymin><xmax>144</xmax><ymax>133</ymax></bndbox></object><object><name>degree_2</name><pose>Unspecified</pose><truncated>0</truncated><difficult>0</difficult><bndbox><xmin>256</xmin><ymin>20</ymin><xmax>335</xmax><ymax>127</ymax></bndbox></object></annotation>