<annotation><folder>images</folder><filename>img1137.jpg</filename><path>burn_dataset_raw\images\img1137.jpg</path><source><database>Unknown</database></source><size><width>209</width><height>242</height><depth>3</depth></size><segmented>0</segmented><object><name>degree_2</name><pose>Unspecified</pose><truncated>0</truncated><difficult>0</difficult><bndbox><xmin>73</xmin><ymin>97</ymin><xmax>174</xmax><ymax>161</ymax></bndbox></object><object><name>degree_2</name><pose>Unspecified</pose><truncated>0</truncated><difficult>0</difficult><bndbox><xmin>38</xmin><ymin>75</ymin><xmax>127</xmax><ymax>96</ymax></bndbox></object><object><name>degree_2</name><pose>Unspecified</pose><truncated>0</truncated><difficult>0</difficult><bndbox><xmin>21</xmin><ymin>145</ymin><xmax>75</xmax><ymax>180</ymax></bndbox></object><object><name>degree_2</name><pose>Unspecified</pose><truncated>0</truncated><difficult>0</difficult><bndbox><xmin>16</xmin><ymin>194</ymin><xmax>112</xmax><ymax>213</ymax></bndbox></object></annotation>