<annotation><folder>images</folder><filename>img1004.jpg</filename><path>burn_dataset_raw\images\img1004.jpg</path><source><database>Unknown</database></source><size><width>275</width><height>183</height><depth>3</depth></size><segmented>0</segmented><object><name>degree_1</name><pose>Unspecified</pose><truncated>0</truncated><difficult>0</difficult><bndbox><xmin>114</xmin><ymin>74</ymin><xmax>129</xmax><ymax>91</ymax></bndbox></object><object><name>degree_1</name><pose>Unspecified</pose><truncated>0</truncated><difficult>0</difficult><bndbox><xmin>87</xmin><ymin>29</ymin><xmax>108</xmax><ymax>53</ymax></bndbox></object><object><name>degree_1</name><pose>Unspecified</pose><truncated>0</truncated><difficult>0</difficult><bndbox><xmin>146</xmin><ymin>118</ymin><xmax>172</xmax><ymax>130</ymax></bndbox></object><object><name>degree_1</name><pose>Unspecified</pose><truncated>0</truncated><difficult>0</difficult><bndbox><xmin>186</xmin><ymin>6</ymin><xmax>207</xmax><ymax>26</ymax></bndbox></object></annotation>