<annotation><folder>images</folder><filename>img1183.jpg</filename><path>burn_dataset_raw\images\img1183.jpg</path><source><database>Unknown</database></source><size><width>284</width><height>177</height><depth>3</depth></size><segmented>0</segmented><object><name>degree_2</name><pose>Unspecified</pose><truncated>0</truncated><difficult>0</difficult><bndbox><xmin>68</xmin><ymin>63</ymin><xmax>114</xmax><ymax>111</ymax></bndbox></object><object><name>degree_2</name><pose>Unspecified</pose><truncated>0</truncated><difficult>0</difficult><bndbox><xmin>40</xmin><ymin>70</ymin><xmax>61</xmax><ymax>100</ymax></bndbox></object><object><name>degree_2</name><pose>Unspecified</pose><truncated>0</truncated><difficult>0</difficult><bndbox><xmin>70</xmin><ymin>124</ymin><xmax>109</xmax><ymax>174</ymax></bndbox></object><object><name>degree_2</name><pose>Unspecified</pose><truncated>0</truncated><difficult>0</difficult><bndbox><xmin>214</xmin><ymin>98</ymin><xmax>243</xmax><ymax>151</ymax></bndbox></object><object><name>degree_2</name><pose>Unspecified</pose><truncated>0</truncated><difficult>0</difficult><bndbox><xmin>155</xmin><ymin>2</ymin><xmax>165</xmax><ymax>19</ymax></bndbox></object></annotation>