<annotation><folder>images</folder><filename>img1069.jpg</filename><path>burn_dataset_raw\images\img1069.jpg</path><source><database>Unknown</database></source><size><width>679</width><height>288</height><depth>3</depth></size><segmented>0</segmented><object><name>degree_2</name><pose>Unspecified</pose><truncated>0</truncated><difficult>0</difficult><bndbox><xmin>91</xmin><ymin>98</ymin><xmax>196</xmax><ymax>178</ymax></bndbox></object><object><name>degree_2</name><pose>Unspecified</pose><truncated>0</truncated><difficult>0</difficult><bndbox><xmin>303</xmin><ymin>101</ymin><xmax>380</xmax><ymax>130</ymax></bndbox></object></annotation>