<annotation><folder>images</folder><filename>img1097.jpg</filename><path>burn_dataset_raw\images\img1097.jpg</path><source><database>Unknown</database></source><size><width>272</width><height>185</height><depth>3</depth></size><segmented>0</segmented><object><name>degree_2</name><pose>Unspecified</pose><truncated>0</truncated><difficult>0</difficult><bndbox><xmin>40</xmin><ymin>48</ymin><xmax>93</xmax><ymax>173</ymax></bndbox></object><object><name>degree_2</name><pose>Unspecified</pose><truncated>0</truncated><difficult>0</difficult><bndbox><xmin>135</xmin><ymin>15</ymin><xmax>229</xmax><ymax>123</ymax></bndbox></object></annotation>