<annotation><folder>images</folder><filename>img1009.jpg</filename><path>burn_dataset_raw\images\img1009.jpg</path><source><database>Unknown</database></source><size><width>183</width><height>275</height><depth>3</depth></size><segmented>0</segmented><object><name>degree_1</name><pose>Unspecified</pose><truncated>0</truncated><difficult>0</difficult><bndbox><xmin>13</xmin><ymin>61</ymin><xmax>37</xmax><ymax>88</ymax></bndbox></object><object><name>degree_1</name><pose>Unspecified</pose><truncated>0</truncated><difficult>0</difficult><bndbox><xmin>39</xmin><ymin>92</ymin><xmax>55</xmax><ymax>117</ymax></bndbox></object><object><name>degree_1</name><pose>Unspecified</pose><truncated>0</truncated><difficult>0</difficult><bndbox><xmin>132</xmin><ymin>84</ymin><xmax>159</xmax><ymax>116</ymax></bndbox></object><object><name>degree_1</name><pose>Unspecified</pose><truncated>0</truncated><difficult>0</difficult><bndbox><xmin>148</xmin><ymin>70</ymin><xmax>169</xmax><ymax>156</ymax></bndbox></object></annotation>