<annotation><folder>images</folder><filename>img1165.jpg</filename><path>burn_dataset_raw\images\img1165.jpg</path><source><database>Unknown</database></source><size><width>259</width><height>194</height><depth>3</depth></size><segmented>0</segmented><object><name>degree_2</name><pose>Unspecified</pose><truncated>0</truncated><difficult>0</difficult><bndbox><xmin>119</xmin><ymin>52</ymin><xmax>182</xmax><ymax>135</ymax></bndbox></object><object><name>degree_2</name><pose>Unspecified</pose><truncated>0</truncated><difficult>0</difficult><bndbox><xmin>42</xmin><ymin>53</ymin><xmax>80</xmax><ymax>116</ymax></bndbox></object><object><name>degree_2</name><pose>Unspecified</pose><truncated>0</truncated><difficult>0</difficult><bndbox><xmin>226</xmin><ymin>86</ymin><xmax>254</xmax><ymax>121</ymax></bndbox></object></annotation>