<annotation><folder>images</folder><filename>img107.jpg</filename><path>burn_dataset_raw\images\img107.jpg</path><source><database>Unknown</database></source><size><width>258</width><height>195</height><depth>3</depth></size><segmented>0</segmented><object><name>degree_2</name><pose>Unspecified</pose><truncated>0</truncated><difficult>0</difficult><bndbox><xmin>115</xmin><ymin>104</ymin><xmax>206</xmax><ymax>159</ymax></bndbox></object><object><name>degree_2</name><pose>Unspecified</pose><truncated>0</truncated><difficult>0</difficult><bndbox><xmin>99</xmin><ymin>48</ymin><xmax>174</xmax><ymax>93</ymax></bndbox></object><object><name>degree_2</name><pose>Unspecified</pose><truncated>0</truncated><difficult>0</difficult><bndbox><xmin>69</xmin><ymin>10</ymin><xmax>114</xmax><ymax>38</ymax></bndbox></object><object><name>degree_2</name><pose>Unspecified</pose><truncated>0</truncated><difficult>0</difficult><bndbox><xmin>124</xmin><ymin>1</ymin><xmax>183</xmax><ymax>23</ymax></bndbox></object></annotation>