<annotation><folder>images</folder><filename>img137.jpg</filename><path>burn_dataset_raw\images\img137.jpg</path><source><database>Unknown</database></source><size><width>272</width><height>185</height><depth>3</depth></size><segmented>0</segmented><object><name>degree_2</name><pose>Unspecified</pose><truncated>0</truncated><difficult>0</difficult><bndbox><xmin>45</xmin><ymin>116</ymin><xmax>127</xmax><ymax>179</ymax></bndbox></object><object><name>degree_2</name><pose>Unspecified</pose><truncated>0</truncated><difficult>0</difficult><bndbox><xmin>135</xmin><ymin>93</ymin><xmax>192</xmax><ymax>159</ymax></bndbox></object><object><name>degree_2</name><pose>Unspecified</pose><truncated>0</truncated><difficult>0</difficult><bndbox><xmin>206</xmin><ymin>52</ymin><xmax>240</xmax><ymax>106</ymax></bndbox></object></annotation>