<annotation><folder>images</folder><filename>img127.jpg</filename><path>burn_dataset_raw\images\img127.jpg</path><source><database>Unknown</database></source><size><width>230</width><height>219</height><depth>3</depth></size><segmented>0</segmented><object><name>degree_2</name><pose>Unspecified</pose><truncated>0</truncated><difficult>0</difficult><bndbox><xmin>25</xmin><ymin>55</ymin><xmax>58</xmax><ymax>89</ymax></bndbox></object><object><name>degree_2</name><pose>Unspecified</pose><truncated>0</truncated><difficult>0</difficult><bndbox><xmin>85</xmin><ymin>162</ymin><xmax>130</xmax><ymax>212</ymax></bndbox></object></annotation>