<annotation><folder>images</folder><filename>img1032.jpg</filename><path>burn_dataset_raw\images\img1032.jpg</path><source><database>Unknown</database></source><size><width>288</width><height>175</height><depth>3</depth></size><segmented>0</segmented><object><name>degree_2</name><pose>Unspecified</pose><truncated>0</truncated><difficult>0</difficult><bndbox><xmin>102</xmin><ymin>32</ymin><xmax>157</xmax><ymax>101</ymax></bndbox></object><object><name>degree_2</name><pose>Unspecified</pose><truncated>0</truncated><difficult>0</difficult><bndbox><xmin>169</xmin><ymin>88</ymin><xmax>206</xmax><ymax>136</ymax></bndbox></object><object><name>degree_2</name><pose>Unspecified</pose><truncated>0</truncated><difficult>0</difficult><bndbox><xmin>44</xmin><ymin>33</ymin><xmax>87</xmax><ymax>98</ymax></bndbox></object></annotation>