<annotation><folder>images</folder><filename>img1187.jpg</filename><path>burn_dataset_raw\images\img1187.jpg</path><source><database>Unknown</database></source><size><width>259</width><height>194</height><depth>3</depth></size><segmented>0</segmented><object><name>degree_2</name><pose>Unspecified</pose><truncated>0</truncated><difficult>0</difficult><bndbox><xmin>130</xmin><ymin>69</ymin><xmax>207</xmax><ymax>137</ymax></bndbox></object><object><name>degree_2</name><pose>Unspecified</pose><truncated>0</truncated><difficult>0</difficult><bndbox><xmin>126</xmin><ymin>142</ymin><xmax>231</xmax><ymax>190</ymax></bndbox></object></annotation>