<annotation><folder>images</folder><filename>img1158.jpg</filename><path>burn_dataset_raw\images\img1158.jpg</path><source><database>Unknown</database></source><size><width>259</width><height>194</height><depth>3</depth></size><segmented>0</segmented><object><name>degree_2</name><pose>Unspecified</pose><truncated>0</truncated><difficult>0</difficult><bndbox><xmin>19</xmin><ymin>23</ymin><xmax>44</xmax><ymax>46</ymax></bndbox></object><object><name>degree_2</name><pose>Unspecified</pose><truncated>0</truncated><difficult>0</difficult><bndbox><xmin>94</xmin><ymin>29</ymin><xmax>155</xmax><ymax>88</ymax></bndbox></object><object><name>degree_2</name><pose>Unspecified</pose><truncated>0</truncated><difficult>0</difficult><bndbox><xmin>193</xmin><ymin>46</ymin><xmax>225</xmax><ymax>96</ymax></bndbox></object><object><name>degree_2</name><pose>Unspecified</pose><truncated>0</truncated><difficult>0</difficult><bndbox><xmin>15</xmin><ymin>103</ymin><xmax>46</xmax><ymax>127</ymax></bndbox></object></annotation>