<annotation><folder>images</folder><filename>img11.jpg</filename><path>burn_dataset_raw\images\img11.jpg</path><source><database>Unknown</database></source><size><width>377</width><height>134</height><depth>3</depth></size><segmented>0</segmented><object><name>degree_3</name><pose>Unspecified</pose><truncated>0</truncated><difficult>0</difficult><bndbox><xmin>277</xmin><ymin>66</ymin><xmax>314</xmax><ymax>110</ymax></bndbox></object><object><name>degree_3</name><pose>Unspecified</pose><truncated>0</truncated><difficult>0</difficult><bndbox><xmin>274</xmin><ymin>24</ymin><xmax>302</xmax><ymax>55</ymax></bndbox></object><object><name>degree_3</name><pose>Unspecified</pose><truncated>0</truncated><difficult>0</difficult><bndbox><xmin>63</xmin><ymin>33</ymin><xmax>105</xmax><ymax>90</ymax></bndbox></object></annotation>