<annotation><folder>images</folder><filename>img1318.jpg</filename><path>burn_dataset_raw\images\img1318.jpg</path><source><database>Unknown</database></source><size><width>225</width><height>225</height><depth>3</depth></size><segmented>0</segmented><object><name>degree_2</name><pose>Unspecified</pose><truncated>0</truncated><difficult>0</difficult><bndbox><xmin>33</xmin><ymin>162</ymin><xmax>53</xmax><ymax>184</ymax></bndbox></object><object><name>degree_2</name><pose>Unspecified</pose><truncated>0</truncated><difficult>0</difficult><bndbox><xmin>52</xmin><ymin>148</ymin><xmax>72</xmax><ymax>175</ymax></bndbox></object><object><name>degree_2</name><pose>Unspecified</pose><truncated>0</truncated><difficult>0</difficult><bndbox><xmin>18</xmin><ymin>156</ymin><xmax>30</xmax><ymax>184</ymax></bndbox></object><object><name>degree_2</name><pose>Unspecified</pose><truncated>0</truncated><difficult>0</difficult><bndbox><xmin>126</xmin><ymin>34</ymin><xmax>155</xmax><ymax>66</ymax></bndbox></object><object><name>degree_2</name><pose>Unspecified</pose><truncated>0</truncated><difficult>0</difficult><bndbox><xmin>185</xmin><ymin>22</ymin><xmax>223</xmax><ymax>56</ymax></bndbox></object></annotation>