<annotation><folder>images</folder><filename>img1161.jpg</filename><path>burn_dataset_raw\images\img1161.jpg</path><source><database>Unknown</database></source><size><width>278</width><height>182</height><depth>3</depth></size><segmented>0</segmented><object><name>degree_2</name><pose>Unspecified</pose><truncated>0</truncated><difficult>0</difficult><bndbox><xmin>9</xmin><ymin>18</ymin><xmax>62</xmax><ymax>57</ymax></bndbox></object><object><name>degree_3</name><pose>Unspecified</pose><truncated>0</truncated><difficult>0</difficult><bndbox><xmin>21</xmin><ymin>111</ymin><xmax>117</xmax><ymax>169</ymax></bndbox></object><object><name>degree_3</name><pose>Unspecified</pose><truncated>0</truncated><difficult>0</difficult><bndbox><xmin>155</xmin><ymin>32</ymin><xmax>252</xmax><ymax>150</ymax></bndbox></object></annotation>