<annotation><folder>images</folder><filename>img1104.jpg</filename><path>burn_dataset_raw\images\img1104.jpg</path><source><database>Unknown</database></source><size><width>225</width><height>225</height><depth>3</depth></size><segmented>0</segmented><object><name>degree_2</name><pose>Unspecified</pose><truncated>0</truncated><difficult>0</difficult><bndbox><xmin>9</xmin><ymin>72</ymin><xmax>62</xmax><ymax>124</ymax></bndbox></object><object><name>degree_2</name><pose>Unspecified</pose><truncated>0</truncated><difficult>0</difficult><bndbox><xmin>86</xmin><ymin>79</ymin><xmax>135</xmax><ymax>136</ymax></bndbox></object><object><name>degree_2</name><pose>Unspecified</pose><truncated>0</truncated><difficult>0</difficult><bndbox><xmin>159</xmin><ymin>92</ymin><xmax>207</xmax><ymax>158</ymax></bndbox></object></annotation>