<annotation><folder>images</folder><filename>img1119.jpg</filename><path>burn_dataset_raw\images\img1119.jpg</path><source><database>Unknown</database></source><size><width>362</width><height>139</height><depth>3</depth></size><segmented>0</segmented><object><name>degree_2</name><pose>Unspecified</pose><truncated>0</truncated><difficult>0</difficult><bndbox><xmin>1</xmin><ymin>3</ymin><xmax>171</xmax><ymax>134</ymax></bndbox></object><object><name>degree_2</name><pose>Unspecified</pose><truncated>0</truncated><difficult>0</difficult><bndbox><xmin>192</xmin><ymin>13</ymin><xmax>357</xmax><ymax>124</ymax></bndbox></object></annotation>