<annotation><folder>images</folder><filename>img1132.jpeg</filename><path>burn_dataset_raw\images\img1132.jpeg</path><source><database>Unknown</database></source><size><width>202</width><height>249</height><depth>3</depth></size><segmented>0</segmented><object><name>degree_2</name><pose>Unspecified</pose><truncated>0</truncated><difficult>0</difficult><bndbox><xmin>60</xmin><ymin>95</ymin><xmax>80</xmax><ymax>146</ymax></bndbox></object><object><name>degree_2</name><pose>Unspecified</pose><truncated>0</truncated><difficult>0</difficult><bndbox><xmin>85</xmin><ymin>95</ymin><xmax>105</xmax><ymax>145</ymax></bndbox></object><object><name>degree_2</name><pose>Unspecified</pose><truncated>0</truncated><difficult>0</difficult><bndbox><xmin>110</xmin><ymin>101</ymin><xmax>129</xmax><ymax>137</ymax></bndbox></object><object><name>degree_2</name><pose>Unspecified</pose><truncated>0</truncated><difficult>0</difficult><bndbox><xmin>141</xmin><ymin>100</ymin><xmax>158</xmax><ymax>132</ymax></bndbox></object></annotation>