<annotation><folder>images</folder><filename>img1310.jpg</filename><path>burn_dataset_raw\images\img1310.jpg</path><source><database>Unknown</database></source><size><width>277</width><height>182</height><depth>3</depth></size><segmented>0</segmented><object><name>degree_2</name><pose>Unspecified</pose><truncated>0</truncated><difficult>0</difficult><bndbox><xmin>19</xmin><ymin>51</ymin><xmax>136</xmax><ymax>173</ymax></bndbox></object><object><name>degree_2</name><pose>Unspecified</pose><truncated>0</truncated><difficult>0</difficult><bndbox><xmin>197</xmin><ymin>58</ymin><xmax>236</xmax><ymax>118</ymax></bndbox></object></annotation>