<annotation><folder>images</folder><filename>img1025.jpg</filename><path>burn_dataset_raw\images\img1025.jpg</path><source><database>Unknown</database></source><size><width>644</width><height>491</height><depth>3</depth></size><segmented>0</segmented><object><name>degree_1</name><pose>Unspecified</pose><truncated>0</truncated><difficult>0</difficult><bndbox><xmin>153</xmin><ymin>41</ymin><xmax>526</xmax><ymax>456</ymax></bndbox></object><object><name>degree_2</name><pose>Unspecified</pose><truncated>0</truncated><difficult>0</difficult><bndbox><xmin>202</xmin><ymin>71</ymin><xmax>247</xmax><ymax>98</ymax></bndbox></object></annotation>