<annotation><folder>images</folder><filename>img1145.jpg</filename><path>burn_dataset_raw\images\img1145.jpg</path><source><database>Unknown</database></source><size><width>259</width><height>194</height><depth>3</depth></size><segmented>0</segmented><object><name>degree_2</name><pose>Unspecified</pose><truncated>0</truncated><difficult>0</difficult><bndbox><xmin>78</xmin><ymin>86</ymin><xmax>94</xmax><ymax>108</ymax></bndbox></object><object><name>degree_2</name><pose>Unspecified</pose><truncated>0</truncated><difficult>0</difficult><bndbox><xmin>121</xmin><ymin>82</ymin><xmax>138</xmax><ymax>97</ymax></bndbox></object><object><name>degree_2</name><pose>Unspecified</pose><truncated>0</truncated><difficult>0</difficult><bndbox><xmin>182</xmin><ymin>115</ymin><xmax>192</xmax><ymax>124</ymax></bndbox></object><object><name>degree_2</name><pose>Unspecified</pose><truncated>0</truncated><difficult>0</difficult><bndbox><xmin>163</xmin><ymin>26</ymin><xmax>186</xmax><ymax>51</ymax></bndbox></object></annotation>