<annotation><folder>images</folder><filename>img1391.jpg</filename><path>burn_dataset_raw\images\img1391.jpg</path><source><database>Unknown</database></source><size><width>225</width><height>140</height><depth>3</depth></size><segmented>0</segmented><object><name>degree_2</name><pose>Unspecified</pose><truncated>0</truncated><difficult>0</difficult><bndbox><xmin>26</xmin><ymin>19</ymin><xmax>82</xmax><ymax>113</ymax></bndbox></object><object><name>degree_2</name><pose>Unspecified</pose><truncated>0</truncated><difficult>0</difficult><bndbox><xmin>148</xmin><ymin>15</ymin><xmax>205</xmax><ymax>108</ymax></bndbox></object></annotation>