<annotation><folder>images</folder><filename>img1040.jpg</filename><path>burn_dataset_raw\images\img1040.jpg</path><source><database>Unknown</database></source><size><width>272</width><height>185</height><depth>3</depth></size><segmented>0</segmented><object><name>degree_2</name><pose>Unspecified</pose><truncated>0</truncated><difficult>0</difficult><bndbox><xmin>57</xmin><ymin>63</ymin><xmax>79</xmax><ymax>100</ymax></bndbox></object><object><name>degree_2</name><pose>Unspecified</pose><truncated>0</truncated><difficult>0</difficult><bndbox><xmin>191</xmin><ymin>71</ymin><xmax>215</xmax><ymax>98</ymax></bndbox></object><object><name>degree_2</name><pose>Unspecified</pose><truncated>0</truncated><difficult>0</difficult><bndbox><xmin>188</xmin><ymin>18</ymin><xmax>198</xmax><ymax>34</ymax></bndbox></object></annotation>