<annotation><folder>images</folder><filename>img109.jpg</filename><path>burn_dataset_raw\images\img109.jpg</path><source><database>Unknown</database></source><size><width>194</width><height>260</height><depth>3</depth></size><segmented>0</segmented><object><name>degree_2</name><pose>Unspecified</pose><truncated>0</truncated><difficult>0</difficult><bndbox><xmin>122</xmin><ymin>49</ymin><xmax>172</xmax><ymax>115</ymax></bndbox></object><object><name>degree_2</name><pose>Unspecified</pose><truncated>0</truncated><difficult>0</difficult><bndbox><xmin>51</xmin><ymin>123</ymin><xmax>108</xmax><ymax>192</ymax></bndbox></object><object><name>degree_2</name><pose>Unspecified</pose><truncated>0</truncated><difficult>0</difficult><bndbox><xmin>84</xmin><ymin>76</ymin><xmax>117</xmax><ymax>119</ymax></bndbox></object></annotation>