<annotation><folder>images</folder><filename>img1244.jpg</filename><path>burn_dataset_raw\images\img1244.jpg</path><source><database>Unknown</database></source><size><width>225</width><height>224</height><depth>3</depth></size><segmented>0</segmented><object><name>degree_2</name><pose>Unspecified</pose><truncated>0</truncated><difficult>0</difficult><bndbox><xmin>59</xmin><ymin>97</ymin><xmax>102</xmax><ymax>129</ymax></bndbox></object><object><name>degree_2</name><pose>Unspecified</pose><truncated>0</truncated><difficult>0</difficult><bndbox><xmin>108</xmin><ymin>119</ymin><xmax>133</xmax><ymax>144</ymax></bndbox></object><object><name>degree_2</name><pose>Unspecified</pose><truncated>0</truncated><difficult>0</difficult><bndbox><xmin>78</xmin><ymin>148</ymin><xmax>148</xmax><ymax>210</ymax></bndbox></object></annotation>