<annotation><folder>images</folder><filename>img1385.jpg</filename><path>burn_dataset_raw\images\img1385.jpg</path><source><database>Unknown</database></source><size><width>318</width><height>159</height><depth>3</depth></size><segmented>0</segmented><object><name>degree_2</name><pose>Unspecified</pose><truncated>0</truncated><difficult>0</difficult><bndbox><xmin>173</xmin><ymin>34</ymin><xmax>205</xmax><ymax>70</ymax></bndbox></object><object><name>degree_2</name><pose>Unspecified</pose><truncated>0</truncated><difficult>0</difficult><bndbox><xmin>214</xmin><ymin>12</ymin><xmax>228</xmax><ymax>50</ymax></bndbox></object><object><name>degree_2</name><pose>Unspecified</pose><truncated>0</truncated><difficult>0</difficult><bndbox><xmin>176</xmin><ymin>122</ymin><xmax>199</xmax><ymax>147</ymax></bndbox></object><object><name>degree_2</name><pose>Unspecified</pose><truncated>0</truncated><difficult>0</difficult><bndbox><xmin>137</xmin><ymin>48</ymin><xmax>169</xmax><ymax>81</ymax></bndbox></object><object><name>degree_2</name><pose>Unspecified</pose><truncated>0</truncated><difficult>0</difficult><bndbox><xmin>105</xmin><ymin>34</ymin><xmax>134</xmax><ymax>70</ymax></bndbox></object><object><name>degree_2</name><pose>Unspecified</pose><truncated>0</truncated><difficult>0</difficult><bndbox><xmin>172</xmin><ymin>97</ymin><xmax>193</xmax><ymax>113</ymax></bndbox></object></annotation>