<annotation><folder>images</folder><filename>img1307.jpg</filename><path>burn_dataset_raw\images\img1307.jpg</path><source><database>Unknown</database></source><size><width>800</width><height>600</height><depth>3</depth></size><segmented>0</segmented><object><name>degree_2</name><pose>Unspecified</pose><truncated>0</truncated><difficult>0</difficult><bndbox><xmin>355</xmin><ymin>333</ymin><xmax>504</xmax><ymax>407</ymax></bndbox></object><object><name>degree_2</name><pose>Unspecified</pose><truncated>0</truncated><difficult>0</difficult><bndbox><xmin>179</xmin><ymin>340</ymin><xmax>284</xmax><ymax>398</ymax></bndbox></object><object><name>degree_2</name><pose>Unspecified</pose><truncated>0</truncated><difficult>0</difficult><bndbox><xmin>305</xmin><ymin>307</ymin><xmax>345</xmax><ymax>382</ymax></bndbox></object></annotation>