<annotation><folder>images</folder><filename>img123.jpg</filename><path>burn_dataset_raw\images\img123.jpg</path><source><database>Unknown</database></source><size><width>1100</width><height>619</height><depth>3</depth></size><segmented>0</segmented><object><name>degree_2</name><pose>Unspecified</pose><truncated>0</truncated><difficult>0</difficult><bndbox><xmin>462</xmin><ymin>407</ymin><xmax>653</xmax><ymax>566</ymax></bndbox></object><object><name>degree_2</name><pose>Unspecified</pose><truncated>0</truncated><difficult>0</difficult><bndbox><xmin>672</xmin><ymin>415</ymin><xmax>737</xmax><ymax>489</ymax></bndbox></object></annotation>