<annotation><folder>images</folder><filename>img1250.jpg</filename><path>burn_dataset_raw\images\img1250.jpg</path><source><database>Unknown</database></source><size><width>259</width><height>194</height><depth>3</depth></size><segmented>0</segmented><object><name>degree_1</name><pose>Unspecified</pose><truncated>0</truncated><difficult>0</difficult><bndbox><xmin>193</xmin><ymin>20</ymin><xmax>240</xmax><ymax>124</ymax></bndbox></object><object><name>degree_1</name><pose>Unspecified</pose><truncated>0</truncated><difficult>0</difficult><bndbox><xmin>43</xmin><ymin>28</ymin><xmax>85</xmax><ymax>56</ymax></bndbox></object></annotation>