<annotation><folder>images</folder><filename>img1028.jpg</filename><path>burn_dataset_raw\images\img1028.jpg</path><source><database>Unknown</database></source><size><width>275</width><height>183</height><depth>3</depth></size><segmented>0</segmented><object><name>degree_1</name><pose>Unspecified</pose><truncated>0</truncated><difficult>0</difficult><bndbox><xmin>73</xmin><ymin>64</ymin><xmax>117</xmax><ymax>125</ymax></bndbox></object><object><name>degree_1</name><pose>Unspecified</pose><truncated>0</truncated><difficult>0</difficult><bndbox><xmin>177</xmin><ymin>61</ymin><xmax>208</xmax><ymax>77</ymax></bndbox></object><object><name>degree_1</name><pose>Unspecified</pose><truncated>0</truncated><difficult>0</difficult><bndbox><xmin>155</xmin><ymin>137</ymin><xmax>183</xmax><ymax>161</ymax></bndbox></object></annotation>