<annotation><folder>images</folder><filename>img1219.jpg</filename><path>burn_dataset_raw\images\img1219.jpg</path><source><database>Unknown</database></source><size><width>258</width><height>195</height><depth>3</depth></size><segmented>0</segmented><object><name>degree_2</name><pose>Unspecified</pose><truncated>0</truncated><difficult>0</difficult><bndbox><xmin>43</xmin><ymin>40</ymin><xmax>82</xmax><ymax>65</ymax></bndbox></object><object><name>degree_2</name><pose>Unspecified</pose><truncated>0</truncated><difficult>0</difficult><bndbox><xmin>33</xmin><ymin>68</ymin><xmax>78</xmax><ymax>98</ymax></bndbox></object><object><name>degree_2</name><pose>Unspecified</pose><truncated>0</truncated><difficult>0</difficult><bndbox><xmin>30</xmin><ymin>103</ymin><xmax>81</xmax><ymax>132</ymax></bndbox></object><object><name>degree_2</name><pose>Unspecified</pose><truncated>0</truncated><difficult>0</difficult><bndbox><xmin>26</xmin><ymin>137</ymin><xmax>80</xmax><ymax>169</ymax></bndbox></object><object><name>degree_2</name><pose>Unspecified</pose><truncated>0</truncated><difficult>0</difficult><bndbox><xmin>172</xmin><ymin>46</ymin><xmax>238</xmax><ymax>86</ymax></bndbox></object><object><name>degree_2</name><pose>Unspecified</pose><truncated>0</truncated><difficult>0</difficult><bndbox><xmin>196</xmin><ymin>92</ymin><xmax>248</xmax><ymax>136</ymax></bndbox></object></annotation>