<annotation><folder>images</folder><filename>img111.jpg</filename><path>burn_dataset_raw\images\img111.jpg</path><source><database>Unknown</database></source><size><width>421</width><height>120</height><depth>3</depth></size><segmented>0</segmented><object><name>degree_1</name><pose>Unspecified</pose><truncated>0</truncated><difficult>0</difficult><bndbox><xmin>148</xmin><ymin>4</ymin><xmax>356</xmax><ymax>57</ymax></bndbox></object><object><name>degree_1</name><pose>Unspecified</pose><truncated>0</truncated><difficult>0</difficult><bndbox><xmin>229</xmin><ymin>103</ymin><xmax>388</xmax><ymax>118</ymax></bndbox></object></annotation>