<annotation><folder>images</folder><filename>img1167.jpg</filename><path>burn_dataset_raw\images\img1167.jpg</path><source><database>Unknown</database></source><size><width>276</width><height>183</height><depth>3</depth></size><segmented>0</segmented><object><name>degree_1</name><pose>Unspecified</pose><truncated>0</truncated><difficult>0</difficult><bndbox><xmin>13</xmin><ymin>49</ymin><xmax>70</xmax><ymax>116</ymax></bndbox></object><object><name>degree_1</name><pose>Unspecified</pose><truncated>0</truncated><difficult>0</difficult><bndbox><xmin>181</xmin><ymin>45</ymin><xmax>245</xmax><ymax>146</ymax></bndbox></object></annotation>