<annotation><folder>images</folder><filename>img1216.jpg</filename><path>burn_dataset_raw\images\img1216.jpg</path><source><database>Unknown</database></source><size><width>209</width><height>241</height><depth>3</depth></size><segmented>0</segmented><object><name>degree_2</name><pose>Unspecified</pose><truncated>0</truncated><difficult>0</difficult><bndbox><xmin>33</xmin><ymin>42</ymin><xmax>126</xmax><ymax>94</ymax></bndbox></object><object><name>degree_2</name><pose>Unspecified</pose><truncated>0</truncated><difficult>0</difficult><bndbox><xmin>84</xmin><ymin>100</ymin><xmax>161</xmax><ymax>158</ymax></bndbox></object><object><name>degree_2</name><pose>Unspecified</pose><truncated>0</truncated><difficult>0</difficult><bndbox><xmin>23</xmin><ymin>152</ymin><xmax>64</xmax><ymax>172</ymax></bndbox></object></annotation>