<annotation><folder>images</folder><filename>img1131.jpg</filename><path>burn_dataset_raw\images\img1131.jpg</path><source><database>Unknown</database></source><size><width>3024</width><height>4032</height><depth>3</depth></size><segmented>0</segmented><object><name>degree_2</name><pose>Unspecified</pose><truncated>0</truncated><difficult>0</difficult><bndbox><xmin>233</xmin><ymin>1349</ymin><xmax>803</xmax><ymax>1883</ymax></bndbox></object><object><name>degree_2</name><pose>Unspecified</pose><truncated>0</truncated><difficult>0</difficult><bndbox><xmin>1942</xmin><ymin>1548</ymin><xmax>2520</xmax><ymax>2210</ymax></bndbox></object><object><name>degree_2</name><pose>Unspecified</pose><truncated>0</truncated><difficult>0</difficult><bndbox><xmin>1955</xmin><ymin>507</ymin><xmax>2582</xmax><ymax>1138</ymax></bndbox></object><object><name>degree_2</name><pose>Unspecified</pose><truncated>0</truncated><difficult>0</difficult><bndbox><xmin>52</xmin><ymin>2068</ymin><xmax>1266</xmax><ymax>3383</ymax></bndbox></object></annotation>