<annotation><folder>images</folder><filename>img1181.jpg</filename><path>burn_dataset_raw\images\img1181.jpg</path><source><database>Unknown</database></source><size><width>377</width><height>134</height><depth>3</depth></size><segmented>0</segmented><object><name>degree_2</name><pose>Unspecified</pose><truncated>0</truncated><difficult>0</difficult><bndbox><xmin>62</xmin><ymin>23</ymin><xmax>110</xmax><ymax>81</ymax></bndbox></object><object><name>degree_2</name><pose>Unspecified</pose><truncated>0</truncated><difficult>0</difficult><bndbox><xmin>268</xmin><ymin>30</ymin><xmax>325</xmax><ymax>111</ymax></bndbox></object></annotation>