<annotation><folder>images</folder><filename>img1044.jpg</filename><path>burn_dataset_raw\images\img1044.jpg</path><source><database>Unknown</database></source><size><width>282</width><height>179</height><depth>3</depth></size><segmented>0</segmented><object><name>degree_1</name><pose>Unspecified</pose><truncated>0</truncated><difficult>0</difficult><bndbox><xmin>52</xmin><ymin>17</ymin><xmax>130</xmax><ymax>138</ymax></bndbox></object><object><name>degree_1</name><pose>Unspecified</pose><truncated>0</truncated><difficult>0</difficult><bndbox><xmin>171</xmin><ymin>34</ymin><xmax>242</xmax><ymax>151</ymax></bndbox></object></annotation>