<annotation><folder>images</folder><filename>img1332.jpg</filename><path>burn_dataset_raw\images\img1332.jpg</path><source><database>Unknown</database></source><size><width>259</width><height>194</height><depth>3</depth></size><segmented>0</segmented><object><name>degree_2</name><pose>Unspecified</pose><truncated>0</truncated><difficult>0</difficult><bndbox><xmin>50</xmin><ymin>51</ymin><xmax>106</xmax><ymax>100</ymax></bndbox></object><object><name>degree_2</name><pose>Unspecified</pose><truncated>0</truncated><difficult>0</difficult><bndbox><xmin>173</xmin><ymin>123</ymin><xmax>217</xmax><ymax>168</ymax></bndbox></object></annotation>