<annotation><folder>images</folder><filename>img128.jpg</filename><path>burn_dataset_raw\images\img128.jpg</path><source><database>Unknown</database></source><size><width>272</width><height>185</height><depth>3</depth></size><segmented>0</segmented><object><name>degree_2</name><pose>Unspecified</pose><truncated>0</truncated><difficult>0</difficult><bndbox><xmin>76</xmin><ymin>121</ymin><xmax>115</xmax><ymax>145</ymax></bndbox></object><object><name>degree_2</name><pose>Unspecified</pose><truncated>0</truncated><difficult>0</difficult><bndbox><xmin>93</xmin><ymin>49</ymin><xmax>105</xmax><ymax>63</ymax></bndbox></object><object><name>degree_2</name><pose>Unspecified</pose><truncated>0</truncated><difficult>0</difficult><bndbox><xmin>189</xmin><ymin>33</ymin><xmax>220</xmax><ymax>62</ymax></bndbox></object></annotation>