<annotation><folder>images</folder><filename>img1231.jpg</filename><path>burn_dataset_raw\images\img1231.jpg</path><source><database>Unknown</database></source><size><width>300</width><height>151</height><depth>3</depth></size><segmented>0</segmented><object><name>degree_2</name><pose>Unspecified</pose><truncated>0</truncated><difficult>0</difficult><bndbox><xmin>91</xmin><ymin>73</ymin><xmax>118</xmax><ymax>99</ymax></bndbox></object><object><name>degree_1</name><pose>Unspecified</pose><truncated>0</truncated><difficult>0</difficult><bndbox><xmin>29</xmin><ymin>19</ymin><xmax>93</xmax><ymax>65</ymax></bndbox></object></annotation>