<annotation><folder>images</folder><filename>img120.jpg</filename><path>burn_dataset_raw\images\img120.jpg</path><source><database>Unknown</database></source><size><width>258</width><height>195</height><depth>3</depth></size><segmented>0</segmented><object><name>degree_1</name><pose>Unspecified</pose><truncated>0</truncated><difficult>0</difficult><bndbox><xmin>79</xmin><ymin>23</ymin><xmax>185</xmax><ymax>157</ymax></bndbox></object><object><name>degree_1</name><pose>Unspecified</pose><truncated>0</truncated><difficult>0</difficult><bndbox><xmin>197</xmin><ymin>139</ymin><xmax>241</xmax><ymax>189</ymax></bndbox></object></annotation>