<annotation><folder>images</folder><filename>img1072.jpg</filename><path>burn_dataset_raw\images\img1072.jpg</path><source><database>Unknown</database></source><size><width>288</width><height>175</height><depth>3</depth></size><segmented>0</segmented><object><name>degree_2</name><pose>Unspecified</pose><truncated>0</truncated><difficult>0</difficult><bndbox><xmin>87</xmin><ymin>32</ymin><xmax>170</xmax><ymax>80</ymax></bndbox></object><object><name>degree_2</name><pose>Unspecified</pose><truncated>0</truncated><difficult>0</difficult><bndbox><xmin>154</xmin><ymin>91</ymin><xmax>204</xmax><ymax>135</ymax></bndbox></object></annotation>