<annotation><folder>images</folder><filename>img122.jpg</filename><path>burn_dataset_raw\images\img122.jpg</path><source><database>Unknown</database></source><size><width>225</width><height>225</height><depth>3</depth></size><segmented>0</segmented><object><name>degree_2</name><pose>Unspecified</pose><truncated>0</truncated><difficult>0</difficult><bndbox><xmin>4</xmin><ymin>79</ymin><xmax>105</xmax><ymax>220</ymax></bndbox></object><object><name>degree_2</name><pose>Unspecified</pose><truncated>0</truncated><difficult>0</difficult><bndbox><xmin>173</xmin><ymin>79</ymin><xmax>223</xmax><ymax>157</ymax></bndbox></object></annotation>