<annotation><folder>images</folder><filename>img12.jpg</filename><path>burn_dataset_raw\images\img12.jpg</path><source><database>Unknown</database></source><size><width>189</width><height>267</height><depth>3</depth></size><segmented>0</segmented><object><name>degree_3</name><pose>Unspecified</pose><truncated>0</truncated><difficult>0</difficult><bndbox><xmin>95</xmin><ymin>224</ymin><xmax>118</xmax><ymax>253</ymax></bndbox></object><object><name>degree_3</name><pose>Unspecified</pose><truncated>0</truncated><difficult>0</difficult><bndbox><xmin>4</xmin><ymin>177</ymin><xmax>69</xmax><ymax>253</ymax></bndbox></object><object><name>degree_2</name><pose>Unspecified</pose><truncated>0</truncated><difficult>0</difficult><bndbox><xmin>69</xmin><ymin>89</ymin><xmax>121</xmax><ymax>159</ymax></bndbox></object></annotation>