<annotation><folder>images</folder><filename>img1106.jpg</filename><path>burn_dataset_raw\images\img1106.jpg</path><source><database>Unknown</database></source><size><width>272</width><height>185</height><depth>3</depth></size><segmented>0</segmented><object><name>degree_2</name><pose>Unspecified</pose><truncated>0</truncated><difficult>0</difficult><bndbox><xmin>203</xmin><ymin>124</ymin><xmax>249</xmax><ymax>176</ymax></bndbox></object><object><name>degree_2</name><pose>Unspecified</pose><truncated>0</truncated><difficult>0</difficult><bndbox><xmin>77</xmin><ymin>7</ymin><xmax>97</xmax><ymax>25</ymax></bndbox></object><object><name>degree_2</name><pose>Unspecified</pose><truncated>0</truncated><difficult>0</difficult><bndbox><xmin>114</xmin><ymin>33</ymin><xmax>153</xmax><ymax>74</ymax></bndbox></object><object><name>degree_2</name><pose>Unspecified</pose><truncated>0</truncated><difficult>0</difficult><bndbox><xmin>171</xmin><ymin>19</ymin><xmax>196</xmax><ymax>46</ymax></bndbox></object></annotation>