<annotation><folder>images</folder><filename>img101.jpg</filename><path>burn_dataset_raw\images\img101.jpg</path><source><database>Unknown</database></source><size><width>197</width><height>256</height><depth>3</depth></size><segmented>0</segmented><object><name>degree_3</name><pose>Unspecified</pose><truncated>0</truncated><difficult>0</difficult><bndbox><xmin>10</xmin><ymin>171</ymin><xmax>49</xmax><ymax>223</ymax></bndbox></object><object><name>degree_2</name><pose>Unspecified</pose><truncated>0</truncated><difficult>0</difficult><bndbox><xmin>54</xmin><ymin>27</ymin><xmax>86</xmax><ymax>49</ymax></bndbox></object></annotation>