<annotation><folder>images</folder><filename>img1092.jpg</filename><path>burn_dataset_raw\images\img1092.jpg</path><source><database>Unknown</database></source><size><width>211</width><height>238</height><depth>3</depth></size><segmented>0</segmented><object><name>degree_1</name><pose>Unspecified</pose><truncated>0</truncated><difficult>0</difficult><bndbox><xmin>33</xmin><ymin>73</ymin><xmax>51</xmax><ymax>132</ymax></bndbox></object><object><name>degree_1</name><pose>Unspecified</pose><truncated>0</truncated><difficult>0</difficult><bndbox><xmin>170</xmin><ymin>56</ymin><xmax>186</xmax><ymax>124</ymax></bndbox></object></annotation>