<annotation><folder>images</folder><filename>img1257.jpg</filename><path>burn_dataset_raw\images\img1257.jpg</path><source><database>Unknown</database></source><size><width>264</width><height>191</height><depth>3</depth></size><segmented>0</segmented><object><name>degree_2</name><pose>Unspecified</pose><truncated>0</truncated><difficult>0</difficult><bndbox><xmin>47</xmin><ymin>67</ymin><xmax>92</xmax><ymax>117</ymax></bndbox></object><object><name>degree_2</name><pose>Unspecified</pose><truncated>0</truncated><difficult>0</difficult><bndbox><xmin>164</xmin><ymin>56</ymin><xmax>193</xmax><ymax>116</ymax></bndbox></object></annotation>