<annotation><folder>images</folder><filename>img1124.jpg</filename><path>burn_dataset_raw\images\img1124.jpg</path><source><database>Unknown</database></source><size><width>262</width><height>193</height><depth>3</depth></size><segmented>0</segmented><object><name>degree_2</name><pose>Unspecified</pose><truncated>0</truncated><difficult>0</difficult><bndbox><xmin>22</xmin><ymin>59</ymin><xmax>49</xmax><ymax>85</ymax></bndbox></object><object><name>degree_2</name><pose>Unspecified</pose><truncated>0</truncated><difficult>0</difficult><bndbox><xmin>27</xmin><ymin>89</ymin><xmax>54</xmax><ymax>107</ymax></bndbox></object></annotation>