<annotation><folder>images</folder><filename>img1368.jpg</filename><path>burn_dataset_raw\images\img1368.jpg</path><source><database>Unknown</database></source><size><width>300</width><height>168</height><depth>3</depth></size><segmented>0</segmented><object><name>degree_1</name><pose>Unspecified</pose><truncated>0</truncated><difficult>0</difficult><bndbox><xmin>30</xmin><ymin>13</ymin><xmax>100</xmax><ymax>76</ymax></bndbox></object><object><name>degree_1</name><pose>Unspecified</pose><truncated>0</truncated><difficult>0</difficult><bndbox><xmin>228</xmin><ymin>24</ymin><xmax>288</xmax><ymax>88</ymax></bndbox></object></annotation>