<annotation><folder>images</folder><filename>img110.jpg</filename><path>burn_dataset_raw\images\img110.jpg</path><source><database>Unknown</database></source><size><width>259</width><height>194</height><depth>3</depth></size><segmented>0</segmented><object><name>degree_1</name><pose>Unspecified</pose><truncated>0</truncated><difficult>0</difficult><bndbox><xmin>101</xmin><ymin>72</ymin><xmax>239</xmax><ymax>192</ymax></bndbox></object><object><name>degree_1</name><pose>Unspecified</pose><truncated>0</truncated><difficult>0</difficult><bndbox><xmin>197</xmin><ymin>10</ymin><xmax>253</xmax><ymax>66</ymax></bndbox></object></annotation>