<annotation><folder>images</folder><filename>img1023.jpg</filename><path>burn_dataset_raw\images\img1023.jpg</path><source><database>Unknown</database></source><size><width>254</width><height>199</height><depth>3</depth></size><segmented>0</segmented><object><name>degree_2</name><pose>Unspecified</pose><truncated>0</truncated><difficult>0</difficult><bndbox><xmin>96</xmin><ymin>33</ymin><xmax>190</xmax><ymax>70</ymax></bndbox></object><object><name>degree_2</name><pose>Unspecified</pose><truncated>0</truncated><difficult>0</difficult><bndbox><xmin>32</xmin><ymin>31</ymin><xmax>80</xmax><ymax>65</ymax></bndbox></object><object><name>degree_2</name><pose>Unspecified</pose><truncated>0</truncated><difficult>0</difficult><bndbox><xmin>206</xmin><ymin>55</ymin><xmax>237</xmax><ymax>128</ymax></bndbox></object></annotation>