<annotation><folder>images</folder><filename>img1111.jpg</filename><path>burn_dataset_raw\images\img1111.jpg</path><source><database>Unknown</database></source><size><width>252</width><height>200</height><depth>3</depth></size><segmented>0</segmented><object><name>degree_2</name><pose>Unspecified</pose><truncated>0</truncated><difficult>0</difficult><bndbox><xmin>19</xmin><ymin>64</ymin><xmax>35</xmax><ymax>85</ymax></bndbox></object><object><name>degree_2</name><pose>Unspecified</pose><truncated>0</truncated><difficult>0</difficult><bndbox><xmin>49</xmin><ymin>67</ymin><xmax>77</xmax><ymax>87</ymax></bndbox></object><object><name>degree_2</name><pose>Unspecified</pose><truncated>0</truncated><difficult>0</difficult><bndbox><xmin>106</xmin><ymin>74</ymin><xmax>132</xmax><ymax>89</ymax></bndbox></object><object><name>degree_2</name><pose>Unspecified</pose><truncated>0</truncated><difficult>0</difficult><bndbox><xmin>74</xmin><ymin>106</ymin><xmax>102</xmax><ymax>133</ymax></bndbox></object></annotation>