<annotation><folder>images</folder><filename>img1054.jpg</filename><path>burn_dataset_raw\images\img1054.jpg</path><source><database>Unknown</database></source><size><width>275</width><height>183</height><depth>3</depth></size><segmented>0</segmented><object><name>degree_1</name><pose>Unspecified</pose><truncated>0</truncated><difficult>0</difficult><bndbox><xmin>128</xmin><ymin>27</ymin><xmax>174</xmax><ymax>77</ymax></bndbox></object><object><name>degree_1</name><pose>Unspecified</pose><truncated>0</truncated><difficult>0</difficult><bndbox><xmin>180</xmin><ymin>65</ymin><xmax>210</xmax><ymax>117</ymax></bndbox></object><object><name>degree_1</name><pose>Unspecified</pose><truncated>0</truncated><difficult>0</difficult><bndbox><xmin>147</xmin><ymin>146</ymin><xmax>214</xmax><ymax>177</ymax></bndbox></object></annotation>