<annotation><folder>images</folder><filename>img116.jpg</filename><path>burn_dataset_raw\images\img116.jpg</path><source><database>Unknown</database></source><size><width>265</width><height>190</height><depth>3</depth></size><segmented>0</segmented><object><name>degree_1</name><pose>Unspecified</pose><truncated>0</truncated><difficult>0</difficult><bndbox><xmin>134</xmin><ymin>70</ymin><xmax>196</xmax><ymax>119</ymax></bndbox></object><object><name>degree_1</name><pose>Unspecified</pose><truncated>0</truncated><difficult>0</difficult><bndbox><xmin>56</xmin><ymin>83</ymin><xmax>74</xmax><ymax>106</ymax></bndbox></object></annotation>