<annotation><folder>images</folder><filename>img1156.jpg</filename><path>burn_dataset_raw\images\img1156.jpg</path><source><database>Unknown</database></source><size><width>259</width><height>194</height><depth>3</depth></size><segmented>0</segmented><object><name>degree_1</name><pose>Unspecified</pose><truncated>0</truncated><difficult>0</difficult><bndbox><xmin>38</xmin><ymin>78</ymin><xmax>122</xmax><ymax>151</ymax></bndbox></object><object><name>degree_2</name><pose>Unspecified</pose><truncated>0</truncated><difficult>0</difficult><bndbox><xmin>166</xmin><ymin>75</ymin><xmax>211</xmax><ymax>117</ymax></bndbox></object></annotation>