<annotation><folder>images</folder><filename>img1035.jpg</filename><path>burn_dataset_raw\images\img1035.jpg</path><source><database>Unknown</database></source><size><width>275</width><height>183</height><depth>3</depth></size><segmented>0</segmented><object><name>degree_1</name><pose>Unspecified</pose><truncated>0</truncated><difficult>0</difficult><bndbox><xmin>85</xmin><ymin>40</ymin><xmax>152</xmax><ymax>111</ymax></bndbox></object><object><name>degree_1</name><pose>Unspecified</pose><truncated>0</truncated><difficult>0</difficult><bndbox><xmin>193</xmin><ymin>98</ymin><xmax>237</xmax><ymax>144</ymax></bndbox></object></annotation>