<annotation><folder>images</folder><filename>img1315.jpg</filename><path>burn_dataset_raw\images\img1315.jpg</path><source><database>Unknown</database></source><size><width>308</width><height>164</height><depth>3</depth></size><segmented>0</segmented><object><name>degree_1</name><pose>Unspecified</pose><truncated>0</truncated><difficult>0</difficult><bndbox><xmin>91</xmin><ymin>62</ymin><xmax>172</xmax><ymax>117</ymax></bndbox></object><object><name>degree_1</name><pose>Unspecified</pose><truncated>0</truncated><difficult>0</difficult><bndbox><xmin>204</xmin><ymin>59</ymin><xmax>283</xmax><ymax>88</ymax></bndbox></object></annotation>