<annotation><folder>images</folder><filename>img126.jpg</filename><path>burn_dataset_raw\images\img126.jpg</path><source><database>Unknown</database></source><size><width>344</width><height>146</height><depth>3</depth></size><segmented>0</segmented><object><name>degree_3</name><pose>Unspecified</pose><truncated>0</truncated><difficult>0</difficult><bndbox><xmin>48</xmin><ymin>60</ymin><xmax>73</xmax><ymax>125</ymax></bndbox></object><object><name>degree_3</name><pose>Unspecified</pose><truncated>0</truncated><difficult>0</difficult><bndbox><xmin>219</xmin><ymin>45</ymin><xmax>242</xmax><ymax>125</ymax></bndbox></object><object><name>degree_3</name><pose>Unspecified</pose><truncated>0</truncated><difficult>0</difficult><bndbox><xmin>286</xmin><ymin>3</ymin><xmax>312</xmax><ymax>94</ymax></bndbox></object></annotation>