<annotation><folder>images</folder><filename>img1126.jpg</filename><path>burn_dataset_raw\images\img1126.jpg</path><source><database>Unknown</database></source><size><width>194</width><height>259</height><depth>3</depth></size><segmented>0</segmented><object><name>degree_2</name><pose>Unspecified</pose><truncated>0</truncated><difficult>0</difficult><bndbox><xmin>94</xmin><ymin>64</ymin><xmax>132</xmax><ymax>97</ymax></bndbox></object><object><name>degree_2</name><pose>Unspecified</pose><truncated>0</truncated><difficult>0</difficult><bndbox><xmin>63</xmin><ymin>172</ymin><xmax>92</xmax><ymax>200</ymax></bndbox></object><object><name>degree_2</name><pose>Unspecified</pose><truncated>0</truncated><difficult>0</difficult><bndbox><xmin>121</xmin><ymin>195</ymin><xmax>147</xmax><ymax>235</ymax></bndbox></object><object><name>degree_2</name><pose>Unspecified</pose><truncated>0</truncated><difficult>0</difficult><bndbox><xmin>107</xmin><ymin>113</ymin><xmax>144</xmax><ymax>136</ymax></bndbox></object><object><name>degree_2</name><pose>Unspecified</pose><truncated>0</truncated><difficult>0</difficult><bndbox><xmin>57</xmin><ymin>37</ymin><xmax>80</xmax><ymax>67</ymax></bndbox></object></annotation>