<annotation><folder>images</folder><filename>img1174.jpg</filename><path>burn_dataset_raw\images\img1174.jpg</path><source><database>Unknown</database></source><size><width>1023</width><height>576</height><depth>3</depth></size><segmented>0</segmented><object><name>degree_2</name><pose>Unspecified</pose><truncated>0</truncated><difficult>0</difficult><bndbox><xmin>209</xmin><ymin>223</ymin><xmax>361</xmax><ymax>434</ymax></bndbox></object><object><name>degree_2</name><pose>Unspecified</pose><truncated>0</truncated><difficult>0</difficult><bndbox><xmin>371</xmin><ymin>120</ymin><xmax>497</xmax><ymax>294</ymax></bndbox></object></annotation>