<annotation><folder>images</folder><filename>img1350.jpg</filename><path>burn_dataset_raw\images\img1350.jpg</path><source><database>Unknown</database></source><size><width>318</width><height>159</height><depth>3</depth></size><segmented>0</segmented><object><name>degree_2</name><pose>Unspecified</pose><truncated>0</truncated><difficult>0</difficult><bndbox><xmin>75</xmin><ymin>63</ymin><xmax>124</xmax><ymax>153</ymax></bndbox></object><object><name>degree_3</name><pose>Unspecified</pose><truncated>0</truncated><difficult>0</difficult><bndbox><xmin>217</xmin><ymin>57</ymin><xmax>277</xmax><ymax>152</ymax></bndbox></object></annotation>