<annotation><folder>images</folder><filename>img1180.jpg</filename><path>burn_dataset_raw\images\img1180.jpg</path><source><database>Unknown</database></source><size><width>258</width><height>195</height><depth>3</depth></size><segmented>0</segmented><object><name>degree_1</name><pose>Unspecified</pose><truncated>0</truncated><difficult>0</difficult><bndbox><xmin>40</xmin><ymin>9</ymin><xmax>104</xmax><ymax>175</ymax></bndbox></object><object><name>degree_1</name><pose>Unspecified</pose><truncated>0</truncated><difficult>0</difficult><bndbox><xmin>133</xmin><ymin>19</ymin><xmax>224</xmax><ymax>164</ymax></bndbox></object></annotation>