<annotation><folder>images</folder><filename>img129.jpg</filename><path>burn_dataset_raw\images\img129.jpg</path><source><database>Unknown</database></source><size><width>272</width><height>185</height><depth>3</depth></size><segmented>0</segmented><object><name>degree_2</name><pose>Unspecified</pose><truncated>0</truncated><difficult>0</difficult><bndbox><xmin>78</xmin><ymin>44</ymin><xmax>166</xmax><ymax>107</ymax></bndbox></object><object><name>degree_2</name><pose>Unspecified</pose><truncated>0</truncated><difficult>0</difficult><bndbox><xmin>53</xmin><ymin>118</ymin><xmax>140</xmax><ymax>155</ymax></bndbox></object><object><name>degree_2</name><pose>Unspecified</pose><truncated>0</truncated><difficult>0</difficult><bndbox><xmin>178</xmin><ymin>89</ymin><xmax>207</xmax><ymax>123</ymax></bndbox></object><object><name>degree_2</name><pose>Unspecified</pose><truncated>0</truncated><difficult>0</difficult><bndbox><xmin>217</xmin><ymin>149</ymin><xmax>250</xmax><ymax>174</ymax></bndbox></object></annotation>