<annotation><folder>images</folder><filename>img1143.jpg</filename><path>burn_dataset_raw\images\img1143.jpg</path><source><database>Unknown</database></source><size><width>231</width><height>218</height><depth>3</depth></size><segmented>0</segmented><object><name>degree_3</name><pose>Unspecified</pose><truncated>0</truncated><difficult>0</difficult><bndbox><xmin>135</xmin><ymin>45</ymin><xmax>168</xmax><ymax>113</ymax></bndbox></object><object><name>degree_3</name><pose>Unspecified</pose><truncated>0</truncated><difficult>0</difficult><bndbox><xmin>12</xmin><ymin>151</ymin><xmax>82</xmax><ymax>212</ymax></bndbox></object><object><name>degree_3</name><pose>Unspecified</pose><truncated>0</truncated><difficult>0</difficult><bndbox><xmin>9</xmin><ymin>41</ymin><xmax>58</xmax><ymax>104</ymax></bndbox></object></annotation>