<annotation><folder>images</folder><filename>img1224.jpg</filename><path>burn_dataset_raw\images\img1224.jpg</path><source><database>Unknown</database></source><size><width>300</width><height>168</height><depth>3</depth></size><segmented>0</segmented><object><name>degree_2</name><pose>Unspecified</pose><truncated>0</truncated><difficult>0</difficult><bndbox><xmin>67</xmin><ymin>82</ymin><xmax>102</xmax><ymax>106</ymax></bndbox></object><object><name>degree_2</name><pose>Unspecified</pose><truncated>0</truncated><difficult>0</difficult><bndbox><xmin>209</xmin><ymin>59</ymin><xmax>219</xmax><ymax>90</ymax></bndbox></object><object><name>degree_2</name><pose>Unspecified</pose><truncated>0</truncated><difficult>0</difficult><bndbox><xmin>198</xmin><ymin>108</ymin><xmax>217</xmax><ymax>147</ymax></bndbox></object></annotation>