<annotation><folder>images</folder><filename>img10.jpg</filename><path>burn_dataset_raw\images\img10.jpg</path><source><database>Unknown</database></source><size><width>253</width><height>199</height><depth>3</depth></size><segmented>0</segmented><object><name>degree_1</name><pose>Unspecified</pose><truncated>0</truncated><difficult>0</difficult><bndbox><xmin>79</xmin><ymin>35</ymin><xmax>151</xmax><ymax>86</ymax></bndbox></object><object><name>degree_1</name><pose>Unspecified</pose><truncated>0</truncated><difficult>0</difficult><bndbox><xmin>171</xmin><ymin>101</ymin><xmax>226</xmax><ymax>167</ymax></bndbox></object></annotation>