<annotation><folder>images</folder><filename>img131.jpg</filename><path>burn_dataset_raw\images\img131.jpg</path><source><database>Unknown</database></source><size><width>275</width><height>183</height><depth>3</depth></size><segmented>0</segmented><object><name>degree_3</name><pose>Unspecified</pose><truncated>0</truncated><difficult>0</difficult><bndbox><xmin>37</xmin><ymin>48</ymin><xmax>104</xmax><ymax>116</ymax></bndbox></object><object><name>degree_3</name><pose>Unspecified</pose><truncated>0</truncated><difficult>0</difficult><bndbox><xmin>121</xmin><ymin>29</ymin><xmax>266</xmax><ymax>152</ymax></bndbox></object></annotation>