<annotation><folder>images</folder><filename>img1123.jpg</filename><path>burn_dataset_raw\images\img1123.jpg</path><source><database>Unknown</database></source><size><width>298</width><height>169</height><depth>3</depth></size><segmented>0</segmented><object><name>degree_3</name><pose>Unspecified</pose><truncated>0</truncated><difficult>0</difficult><bndbox><xmin>35</xmin><ymin>7</ymin><xmax>116</xmax><ymax>163</ymax></bndbox></object><object><name>degree_3</name><pose>Unspecified</pose><truncated>0</truncated><difficult>0</difficult><bndbox><xmin>181</xmin><ymin>29</ymin><xmax>294</xmax><ymax>146</ymax></bndbox></object></annotation>