<annotation><folder>images</folder><filename>img1062.jpg</filename><path>burn_dataset_raw\images\img1062.jpg</path><source><database>Unknown</database></source><size><width>719</width><height>544</height><depth>3</depth></size><segmented>0</segmented><object><name>degree_3</name><pose>Unspecified</pose><truncated>0</truncated><difficult>0</difficult><bndbox><xmin>130</xmin><ymin>238</ymin><xmax>548</xmax><ymax>435</ymax></bndbox></object><object><name>degree_3</name><pose>Unspecified</pose><truncated>0</truncated><difficult>0</difficult><bndbox><xmin>232</xmin><ymin>99</ymin><xmax>550</xmax><ymax>210</ymax></bndbox></object></annotation>