<annotation><folder>images</folder><filename>img1369.jpg</filename><path>burn_dataset_raw\images\img1369.jpg</path><source><database>Unknown</database></source><size><width>277</width><height>182</height><depth>3</depth></size><segmented>0</segmented><object><name>degree_2</name><pose>Unspecified</pose><truncated>0</truncated><difficult>0</difficult><bndbox><xmin>13</xmin><ymin>90</ymin><xmax>35</xmax><ymax>113</ymax></bndbox></object><object><name>degree_2</name><pose>Unspecified</pose><truncated>0</truncated><difficult>0</difficult><bndbox><xmin>44</xmin><ymin>91</ymin><xmax>83</xmax><ymax>106</ymax></bndbox></object><object><name>degree_2</name><pose>Unspecified</pose><truncated>0</truncated><difficult>0</difficult><bndbox><xmin>111</xmin><ymin>29</ymin><xmax>144</xmax><ymax>72</ymax></bndbox></object><object><name>degree_2</name><pose>Unspecified</pose><truncated>0</truncated><difficult>0</difficult><bndbox><xmin>152</xmin><ymin>87</ymin><xmax>184</xmax><ymax>118</ymax></bndbox></object></annotation>