<annotation><folder>images</folder><filename>img1178.jpg</filename><path>burn_dataset_raw\images\img1178.jpg</path><source><database>Unknown</database></source><size><width>225</width><height>225</height><depth>3</depth></size><segmented>0</segmented><object><name>degree_2</name><pose>Unspecified</pose><truncated>0</truncated><difficult>0</difficult><bndbox><xmin>23</xmin><ymin>10</ymin><xmax>85</xmax><ymax>90</ymax></bndbox></object><object><name>degree_2</name><pose>Unspecified</pose><truncated>0</truncated><difficult>0</difficult><bndbox><xmin>15</xmin><ymin>140</ymin><xmax>84</xmax><ymax>190</ymax></bndbox></object><object><name>degree_2</name><pose>Unspecified</pose><truncated>0</truncated><difficult>0</difficult><bndbox><xmin>160</xmin><ymin>127</ymin><xmax>209</xmax><ymax>177</ymax></bndbox></object><object><name>degree_2</name><pose>Unspecified</pose><truncated>0</truncated><difficult>0</difficult><bndbox><xmin>151</xmin><ymin>41</ymin><xmax>194</xmax><ymax>73</ymax></bndbox></object></annotation>