<annotation><folder>images</folder><filename>img1393.jpg</filename><path>burn_dataset_raw\images\img1393.jpg</path><source><database>Unknown</database></source><size><width>259</width><height>194</height><depth>3</depth></size><segmented>0</segmented><object><name>degree_2</name><pose>Unspecified</pose><truncated>0</truncated><difficult>0</difficult><bndbox><xmin>106</xmin><ymin>75</ymin><xmax>154</xmax><ymax>113</ymax></bndbox></object><object><name>degree_2</name><pose>Unspecified</pose><truncated>0</truncated><difficult>0</difficult><bndbox><xmin>178</xmin><ymin>129</ymin><xmax>190</xmax><ymax>149</ymax></bndbox></object><object><name>degree_2</name><pose>Unspecified</pose><truncated>0</truncated><difficult>0</difficult><bndbox><xmin>197</xmin><ymin>131</ymin><xmax>206</xmax><ymax>143</ymax></bndbox></object><object><name>degree_2</name><pose>Unspecified</pose><truncated>0</truncated><difficult>0</difficult><bndbox><xmin>130</xmin><ymin>146</ymin><xmax>149</xmax><ymax>158</ymax></bndbox></object><object><name>degree_2</name><pose>Unspecified</pose><truncated>0</truncated><difficult>0</difficult><bndbox><xmin>111</xmin><ymin>146</ymin><xmax>126</xmax><ymax>163</ymax></bndbox></object></annotation>