<annotation><folder>images</folder><filename>img1337.jpg</filename><path>burn_dataset_raw\images\img1337.jpg</path><source><database>Unknown</database></source><size><width>259</width><height>194</height><depth>3</depth></size><segmented>0</segmented><object><name>degree_2</name><pose>Unspecified</pose><truncated>0</truncated><difficult>0</difficult><bndbox><xmin>42</xmin><ymin>41</ymin><xmax>235</xmax><ymax>143</ymax></bndbox></object><object><name>degree_2</name><pose>Unspecified</pose><truncated>0</truncated><difficult>0</difficult><bndbox><xmin>171</xmin><ymin>154</ymin><xmax>258</xmax><ymax>192</ymax></bndbox></object><object><name>degree_2</name><pose>Unspecified</pose><truncated>0</truncated><difficult>0</difficult><bndbox><xmin>121</xmin><ymin>3</ymin><xmax>252</xmax><ymax>40</ymax></bndbox></object></annotation>