<annotation><folder>images</folder><filename>img1234.jpg</filename><path>burn_dataset_raw\images\img1234.jpg</path><source><database>Unknown</database></source><size><width>168</width><height>299</height><depth>3</depth></size><segmented>0</segmented><object><name>degree_2</name><pose>Unspecified</pose><truncated>0</truncated><difficult>0</difficult><bndbox><xmin>14</xmin><ymin>31</ymin><xmax>75</xmax><ymax>129</ymax></bndbox></object><object><name>degree_2</name><pose>Unspecified</pose><truncated>0</truncated><difficult>0</difficult><bndbox><xmin>99</xmin><ymin>70</ymin><xmax>145</xmax><ymax>175</ymax></bndbox></object></annotation>