<annotation><folder>images</folder><filename>img1281.jpg</filename><path>burn_dataset_raw\images\img1281.jpg</path><source><database>Unknown</database></source><size><width>302</width><height>167</height><depth>3</depth></size><segmented>0</segmented><object><name>degree_3</name><pose>Unspecified</pose><truncated>0</truncated><difficult>0</difficult><bndbox><xmin>31</xmin><ymin>36</ymin><xmax>94</xmax><ymax>138</ymax></bndbox></object><object><name>degree_3</name><pose>Unspecified</pose><truncated>0</truncated><difficult>0</difficult><bndbox><xmin>193</xmin><ymin>45</ymin><xmax>258</xmax><ymax>165</ymax></bndbox></object></annotation>