<annotation><folder>images</folder><filename>img13.jpg</filename><path>burn_dataset_raw\images\img13.jpg</path><source><database>Unknown</database></source><size><width>263</width><height>180</height><depth>3</depth></size><segmented>0</segmented><object><name>degree_1</name><pose>Unspecified</pose><truncated>0</truncated><difficult>0</difficult><bndbox><xmin>74</xmin><ymin>65</ymin><xmax>159</xmax><ymax>126</ymax></bndbox></object><object><name>degree_1</name><pose>Unspecified</pose><truncated>0</truncated><difficult>0</difficult><bndbox><xmin>174</xmin><ymin>80</ymin><xmax>226</xmax><ymax>119</ymax></bndbox></object></annotation>