<annotation><folder>images</folder><filename>img1215.jpg</filename><path>burn_dataset_raw\images\img1215.jpg</path><source><database>Unknown</database></source><size><width>275</width><height>183</height><depth>3</depth></size><segmented>0</segmented><object><name>degree_2</name><pose>Unspecified</pose><truncated>0</truncated><difficult>0</difficult><bndbox><xmin>80</xmin><ymin>34</ymin><xmax>101</xmax><ymax>51</ymax></bndbox></object><object><name>degree_2</name><pose>Unspecified</pose><truncated>0</truncated><difficult>0</difficult><bndbox><xmin>111</xmin><ymin>60</ymin><xmax>141</xmax><ymax>95</ymax></bndbox></object><object><name>degree_2</name><pose>Unspecified</pose><truncated>0</truncated><difficult>0</difficult><bndbox><xmin>158</xmin><ymin>65</ymin><xmax>179</xmax><ymax>86</ymax></bndbox></object><object><name>degree_2</name><pose>Unspecified</pose><truncated>0</truncated><difficult>0</difficult><bndbox><xmin>132</xmin><ymin>138</ymin><xmax>154</xmax><ymax>158</ymax></bndbox></object><object><name>degree_2</name><pose>Unspecified</pose><truncated>0</truncated><difficult>0</difficult><bndbox><xmin>168</xmin><ymin>146</ymin><xmax>189</xmax><ymax>166</ymax></bndbox></object><object><name>degree_2</name><pose>Unspecified</pose><truncated>0</truncated><difficult>0</difficult><bndbox><xmin>109</xmin><ymin>150</ymin><xmax>129</xmax><ymax>172</ymax></bndbox></object><object><name>degree_2</name><pose>Unspecified</pose><truncated>0</truncated><difficult>0</difficult><bndbox><xmin>74</xmin><ymin>120</ymin><xmax>84</xmax><ymax>130</ymax></bndbox></object></annotation>