<annotation><folder>images</folder><filename>img1213.jpg</filename><path>burn_dataset_raw\images\img1213.jpg</path><source><database>Unknown</database></source><size><width>266</width><height>190</height><depth>3</depth></size><segmented>0</segmented><object><name>degree_2</name><pose>Unspecified</pose><truncated>0</truncated><difficult>0</difficult><bndbox><xmin>12</xmin><ymin>104</ymin><xmax>85</xmax><ymax>169</ymax></bndbox></object><object><name>degree_1</name><pose>Unspecified</pose><truncated>0</truncated><difficult>0</difficult><bndbox><xmin>177</xmin><ymin>84</ymin><xmax>199</xmax><ymax>108</ymax></bndbox></object></annotation>