<annotation><folder>images</folder><filename>img100.jpg</filename><path>burn_dataset_raw\images\img100.jpg</path><source><database>Unknown</database></source><size><width>300</width><height>168</height><depth>3</depth></size><segmented>0</segmented><object><name>degree_1</name><pose>Unspecified</pose><truncated>0</truncated><difficult>0</difficult><bndbox><xmin>4</xmin><ymin>11</ymin><xmax>61</xmax><ymax>77</ymax></bndbox></object><object><name>degree_1</name><pose>Unspecified</pose><truncated>0</truncated><difficult>0</difficult><bndbox><xmin>92</xmin><ymin>85</ymin><xmax>179</xmax><ymax>150</ymax></bndbox></object><object><name>degree_1</name><pose>Unspecified</pose><truncated>0</truncated><difficult>0</difficult><bndbox><xmin>206</xmin><ymin>36</ymin><xmax>277</xmax><ymax>131</ymax></bndbox></object></annotation>